id,name,sex,p_birth,p_death,d_birth,d_death
0,אחד העם,male,Skvyra,Tel Aviv,1856-08-18 00:00:00,1927-01-02 00:00:00
1,אירה יאן,female,Chi?in?u,Tel Aviv,1869-02-02 00:00:00,1919-04-24 00:00:00
2,יהודה ליב גורדון,male,Vilnius,Saint Petersburg,1830-12-07 00:00:00,1892-09-16 00:00:00
3,עזריאל נתן פרנק,,,,,
4,יוסף חיים ברנר,male,Novi Mlyny,Jaffa,"

date of birth















30 August 1881Julian







stated as




י""ז אלול תרמ""א








1 reference





reference URL




http://www.tidhar.tourolib.org/tidhar/view/3/1117











",1921-05-02 00:00:00
5,רחל בלובשטיין,female,Saratov,Tel Aviv,1890-09-20 00:00:00,1931-04-16 00:00:00
6,חיים נחמן ביאליק,male,Hrada,Vienna,"

date of birth















6 January 1873Julian








3 references





stated in




Encyclop?dia Britannica Online







Encyclop?dia Britannica Online ID




biography/Haim-Nahman-Bialik







named as




Haim Nahman Bialik







retrieved




9 October 2017







sourcing circumstances




unspecified calendar; assumed Julian










stated in




Internet Broadway Database







Internet Broadway Database person ID




9837







named as




H. N. Bialik







retrieved




9 October 2017







sourcing circumstances




unspecified calendar; assumed Julian










stated in




birth registry







reference URL




https://www.makorrishon.co.il/nrg/images/blogs/546148/byalikleda.jpeg



















9 January 1873Gregorian








7 references





stated in




BnF authorities







reference URL




http://data.bnf.fr/ark:/12148/cb125692933







retrieved




15 October 2018







sourcing circumstances




unspecified calendar, assumed Gregorian










stated in




SNAC







SNAC ARK ID




w60865x1







named as




Hayim Nahman Bialik







retrieved




15 October 2018







sourcing circumstances




unspecified calendar, assumed Gregorian










reference URL




https://www.makorrishon.co.il/nrg/images/blogs/546148/gnazimb.jpeg










stated in




tombstone







image




Bialik tomb.JPG800 × 600; 161 KB










stated in




Brockhaus Enzyklop?die







Brockhaus Enzyklop?die online ID




bialik-chajim-nachman







named as




Chajim Nachman Bialik







retrieved




9 October 2017










stated in




Vegetti Catalog of Fantastic Literature







Vegetti Catalog of Fantastic Literature NILF ID




24129







named as




Hayim Nahan Bialik










stated in




Gran Enciclop?dia Catalana







Gran Enciclop?dia Catalana ID




0009874







named as




?ayyim Na?man Bialik











",1934-07-04 00:00:00
7,קדיש יהודה סילמן,male,Lithuania,Jerusalem,1880-11-28 00:00:00,1937-11-13 00:00:00
8,אלחנן ליב לוינסקי,male,Paber??,Odessa,1857-03-21 00:00:00,1910-10-27 00:00:00
9,שמריהו לוין,male,Svisla?,Haifa,1867-01-01 00:00:00,1935-06-09 00:00:00
10,אברהם שטרן,male,Suwa?ki,Tel Aviv,1907-12-23 00:00:00,1942-02-12 00:00:00
11,משה אבן עזרא,male,Granada,Granada,1060-01-01 00:00:00,1138-01-01 00:00:00
12,אברהם שלום פרידברג,male,Grodno,Warsaw,1838-11-06 00:00:00,1902-03-21 00:00:00
13,אהרן אברהם קבק,male,Smarho?,Jerusalem,1881-12-28 00:00:00,1944-11-18 00:00:00
14,זלמן דוד בן יהודה ליב לבונטין,,,,,
15,לאופולד שפר,,,,,
16,שאול טשרניחובסקי,male,Mykhailivka,Jerusalem$$$$$$$$country$$$$$Mandatory Palestine,1875-08-20 00:00:00,1943-10-14 00:00:00
17,ישעיהו ברשדסקי,,,,,
18,לורד ביירון,male,"London$$$$$$$$3 references$$$$$$stated in$$$$$Byron, George Gordon (DNB00)",Missolonghi$$$$$$$$country$$$$$First Hellenic Republic$$$$$$$$3 references$$$$$$imported from Wikimedia project$$$$$Italian Wikipedia,1788-01-22 00:00:00,1824-04-19 00:00:00
19,יהודה שטיינברג,male,Lipcani,Odessa,1863-02-26 00:00:00,1908-03-10 00:00:00
20,מרדכי דוד ברנדשטטר,male,Brzesko,Tarn?w,1844-02-19 00:00:00,1928-05-15 00:00:00
21,גוטהולד אפרים לסינג,male,Kamenz,Brunswick,1729-01-22 00:00:00,1781-02-15 00:00:00
22,דוד פרישמן,male,Zgierz,Berlin,1859-12-31 00:00:00,1922-08-04 00:00:00
23,משה בילינסון,male,Yaroslavl,Mandatory Palestine,1889-10-05 00:00:00,1936-11-19 00:00:00
24,מתתיהו שוהם,male,Warsaw,Warsaw,1893-01-01 00:00:00,1937-07-04 00:00:00
25,יוסף לואידור,,,,,
26,יהודה הלוי,male,Tudela,Jerusalem,1079-01-01 00:00:00,1141-01-01 00:00:00
27,אפרים לוצטו,male,San Daniele del Friuli,Lausanne,1729-01-01 00:00:00,1792-01-01 00:00:00
28,שמואל ליב ציטרון,,,,,
29,פרץ סמולנסקין,male,Monastyrshchina,Merano,1842-02-25 00:00:00,1885-02-01 00:00:00
30,יצחק ליבוש פרץ,male,Zamo??,Warsaw,"

date of birth















18 May 1852Julian








1 reference





imported from Wikimedia project




Russian Wikipedia











","

date of death















21 March 1915Julian








2 references





imported from Wikimedia project




Russian Wikipedia










stated in




BnF authorities







retrieved




10 October 2015







reference URL




http://data.bnf.fr/ark:/12148/cb11919139j



















3 April 1915Gregorian








4 references





stated in




Library of Congress Authorities







retrieved




24 August 2019










stated in




BnF authorities







Biblioth?que nationale de France ID




11919139j







named as




Yis?h?aq Leyybus? Perez?










stated in




Internet Speculative Fiction Database







Internet Speculative Fiction Database author ID




264664







named as




י. ל. פרץ










stated in




Babelio







Babelio author ID




175141







named as




Isaac Leib Peretz











"
31,נפתלי הרץ אימבר,male,Zolochiv,Manhattan,"

date of birth















27 December 185








2 references





stated in




BnF authorities







Biblioth?que nationale de France ID




13621587j







reference URL




http://data.bnf.fr/ark:/12148/cb13621587j







retrieved




10 October 2015










stated in




SNAC







SNAC ARK ID




w64v465x







named as




Naftali Herz Imber







retrieved




9 October 2017











",1909-10-08 00:00:00
32,שמואל הנגיד,male,C?rdoba,Granada,"

date of birth















993








2 references





imported from Wikimedia project




Russian Wikipedia










stated in




BnF authorities







retrieved




10 October 2015







reference URL




http://data.bnf.fr/ark:/12148/cb122083534











","

date of death















1055







sourcing circumstances




circa








2 references





imported from Wikimedia project




Russian Wikipedia










stated in




BnF authorities







retrieved




10 October 2015







reference URL




http://data.bnf.fr/ark:/12148/cb122083534











"
33,אהרן דוד גורדון,male,Troianiv,Degania Alef,1856-06-09 00:00:00,1922-02-22 00:00:00
34,יהודה אלחריזי,male,Toledo,Aleppo,1165-01-01 00:00:00,1225-01-01 00:00:00
35,משה ליב לילינבלום,male,K?dainiai,Odessa,1843-10-22 00:00:00,1910-02-12 00:00:00
36,שמחה בן-ציון,male,Telene?ti,Tel Aviv,1870-11-27 00:00:00,1932-06-02 00:00:00
37,ברל כצנלסון,male,Babruysk,Jerusalem,1887-01-25 00:00:00,1944-08-12 00:00:00
38,אליעזר יפה,male,Bessarabia Governorate,Nahalal,1882-01-10 00:00:00,1942-09-10 00:00:00
39,מיכה יוסף ברדיצ'בסקי,male,Medzhybizh,Berlin$$$$$$$$country$$$$$Germany,"

date of birth















7 August 1865Julian








2 references





imported from Wikimedia project




English Wikipedia







sourcing circumstances




unspecified calendar; assumed Julian










stated in




Find a Grave







Find A Grave memorial ID




6791527







named as




Micha Josef Bin-Gorion







retrieved




9 October 2017







sourcing circumstances




unspecified calendar; assumed Julian











",1921-11-18 00:00:00
40,שלמה אבן גבירול,male,M?laga,Valencia,1021-01-01 00:00:00,"

date of death















1058







sourcing circumstances




circa








2 references





stated in




Integrated Authority File







retrieved




2 March 2015










stated in




Nouveau Dictionnaire des auteurs de tous les temps et de tous les pays







volume




1







page(s)




189



















1057







sourcing circumstances




circa








1 reference





stated in




Nouveau Dictionnaire des auteurs de tous les temps et de tous les pays







volume




1







page(s)




189











"
41,בנימין זאב הרצל,male,Pest,Reichenau an der Rax,1860-05-02 00:00:00,1904-07-03 00:00:00
42,זאב יעבץ,male,Kolno,London,1847-09-26 00:00:00,1924-01-24 00:00:00
43,חיים ארלוזורוב,male,Romny,Tel Aviv,1899-02-23 00:00:00,1933-06-16 00:00:00
44,יוסף זליגר,male,Sniatyn,Jerusalem,1872-05-29 00:00:00,1919-02-28 00:00:00
45,מרדכי צבי מאנה,male,Rada?kovi?y,Rada?kovi?y,1859-05-05 00:00:00,1886-10-15 00:00:00
46,אברהם אבן עזרא,male,Tudela,???????,1089-01-01 00:00:00,"

date of death















23 January 1167







instance of




statement with Gregorian date earlier than 1584








5 references





stated in




MacTutor History of Mathematics archive







retrieved




22 August 2017










stated in




Open Library







Open Library ID




OL7032888A







named as




Abraham ben Me?r Ibn Ezra







retrieved




9 October 2017










stated in




Catholic Encyclopedia







Catholic Encyclopedia ID




01039c







named as




Abraham-ben-M?ir Aben-Ezra







retrieved




9 October 2017










stated in




Faceted Application of Subject Terminology







FAST ID




1899610







named as




Abraham ben Me?r Ibn Ezra







retrieved




9 October 2017










named as




Abraham Ibn Ezra







retrieved




9 October 2017







SBN author ID




IT\ICCU\BVEV\049717







stated in




OPAC SBN



















28 January 1167








0 references






"
47,וידל בנבנשתי,,,,,
48,רחל לוצטו מורפורגו,,,,,
49,אלתר דרויאנוב,male,Druya,Tel Aviv,1870-07-06 00:00:00,1938-05-10 00:00:00
50,אלתר לוין,,,,,
51,בר טוביה,male,Vasylkiv$$$$$$$$located in the administrative territorial entity$$$$$Kiev Governorate$$$$$$$$country$$$$$Russian Empire,Nice,1875-12-25 00:00:00,1933-03-17 00:00:00
52,קלמן שולמן,male,Bycha?,Vilnius,1819-01-01 00:00:00,1899-01-14 00:00:00
53,נחום סוקולוב,male,Wyszogr?d,London,1859-01-10 00:00:00,1936-05-17 00:00:00
54,שלום שבזי,,,,,
55,משה חיים לוצטו,male,Padua,Acre,1707-01-01 00:00:00,1746-05-16 00:00:00
56,צבי חיים הרמן רקנדורף,,,,,
57,מיכה יוסף לבנזון,male,Vilnius,Vilnius,1828-02-22 00:00:00,1852-02-17 00:00:00
58,מנחם מנדל דוליצקי,,,,,
59,ויליאם תומס פריי,,,,,
60,אלכסנדר סרגיביץ' פושקין,,,,,
61,ישראל חיים טביוב,male,Druya,Riga,1858-01-01 00:00:00,1920-12-02 00:00:00
62,ראובן בריינין,male,Lyady,New York City,1862-03-16 00:00:00,1939-11-30 00:00:00
63,משה גליקסון,,,,,
64,טוביה בן משה כץ,,,,,
65,זלמן אפשטין,,,,,
66,אברהם סולודר,,,,,
67,שמואל טשרנוביץ,male,Sebezh,Tel Aviv,1879-12-13 00:00:00,1929-07-30 00:00:00
68,אהרן דוד מרקסון,male,Pilvi?kiai,Detroit,1882-01-01 00:00:00,1932-12-19 00:00:00
69,יוסף יושעה ריבלין,,,,,
70,מאיר הלוי לטריס,male,Zhovkva,Vienna,1800-08-30 00:00:00,1871-05-19 00:00:00
71,אנטון צ'כוב,male,Taganrog$$$$$$$$located in the administrative territorial entity$$$$$Yekaterinoslav Governorate$$$$$$$$country$$$$$Russian Empire$$$$$$$$6 references$$$$$$stated in$$$$$Integrated Authority File$$$$$$$$retrieved$$$$$10 December 2014,Badenweiler$$$$$$$$country$$$$$German Empire$$$$$$$$located in the administrative territorial entity$$$$$Grand Duchy of Baden$$$$$$$$5 references$$$$$$imported from Wikimedia project$$$$$Russian Wikipedia,"

date of birth















17 January 1860Julian







2 references





stated in




Concise Literary Encyclopedia







sourcing circumstances




specified date of both Julian and Gregorian calendar







quotation




17(29).I.1860 (Russian)










stated in




Q20031473







sourcing circumstances




unspecified calendar; assumed Julian







quotation




?. ??????? 17 ?????? 1860 ?. ? ????????? (Russian)



















29 January 1860Gregorian







12 references





stated in




Concise Literary Encyclopedia







sourcing circumstances




specified date of both Julian and Gregorian calendar







quotation




17(29).I.1860 (Russian)










reference URL




https://bigenc.ru/literature/text/4684952







retrieved




6 February 2019







quotation




17(29).1.1860 (Russian)







sourcing circumstances




specified date of both Julian and Gregorian calendar










stated in




BD Gest'







BD Gest' author ID




34863







named as




Anton Tch?khov







retrieved




9 October 2017










stated in




Estonian biographical database







Estonian biographical database ID




6818







named as




Anton Pavlovit? T?ehhov







retrieved




9 October 2017










retrieved




9 October 2017







named as




Anton Pavlovitch TCHEKHOV







stated in




NooSFere







NooSFere author ID




176










stated in




Brockhaus Enzyklop?die







Brockhaus Enzyklop?die online ID




tschechow-anton-pawlowitsch







named as




Anton Pawlowitsch Tschechow







retrieved




9 October 2017










stated in




Internet Speculative Fiction Database







Internet Speculative Fiction Database author ID




237480







named as




????? ?????










stated in




Vegetti Catalog of Fantastic Literature







Vegetti Catalog of Fantastic Literature NILF ID




10926







named as




Ant?n Pavlovi? Cechov










stated in




Gran Enciclop?dia Catalana







Gran Enciclop?dia Catalana ID




0016794







named as




Anton Pavlovi? ?ekhov










stated in




Babelio







Babelio author ID




3971







named as




Anton Pavlovitch Tchekhov










stated in




Biblioth?que interuniversitaire de Sant?







BIU Sant? person ID




7688







named as




Anton Pavlovitch Tchekhov










stated in




Archivio Storico Ricordi







retrieved




3 December 2020







Archivio Storico Ricordi person ID




15664



















17 January 1860Gregorian







1 reference





stated in




The Fine Art Archive







abART person ID




16408







reference URL




https://cs.isabart.org/person/16408







retrieved




1 April 2021










","

date of death















2 July 1904Julian







2 references





stated in




Concise Literary Encyclopedia







quotation




2(15).VII.1904 (Russian)







sourcing circumstances




specified date of both Julian and Gregorian calendar










reference URL




https://bigenc.ru/literature/text/4684952







retrieved




6 February 2019







quotation




2(15).7.1904 (Russian)







sourcing circumstances




specified date of both Julian and Gregorian calendar



















15 July 1904Gregorian







9 references





reference URL




https://bigenc.ru/literature/text/4684952







retrieved




6 February 2019







quotation




2(15).7.1904 (Russian)







sourcing circumstances




specified date of both Julian and Gregorian calendar










stated in




Concise Literary Encyclopedia







quotation




2(15).VII.1904 (Russian)







sourcing circumstances




specified date of both Julian and Gregorian calendar










stated in




Estonian biographical database







Estonian biographical database ID




6818







named as




Anton Pavlovit? T?ehhov







retrieved




9 October 2017










retrieved




9 October 2017







named as




Anton Pavlovitch TCHEKHOV







stated in




NooSFere







NooSFere author ID




176










stated in




Brockhaus Enzyklop?die







Brockhaus Enzyklop?die online ID




tschechow-anton-pawlowitsch







named as




Anton Pawlowitsch Tschechow







retrieved




9 October 2017










stated in




Internet Speculative Fiction Database







Internet Speculative Fiction Database author ID




237480







named as




????? ?????










stated in




Vegetti Catalog of Fantastic Literature







Vegetti Catalog of Fantastic Literature NILF ID




10926







named as




Ant?n Pavlovi? Cechov










stated in




Archivio Storico Ricordi







retrieved




3 December 2020







Archivio Storico Ricordi person ID




15664










stated in




The Fine Art Archive







abART person ID




16408







reference URL




https://cs.isabart.org/person/16408







retrieved




1 April 2021










"
72,שלמה רובין,male,Dolyna,Krak?w,1823-04-03 00:00:00,1910-02-14 00:00:00
73,אליעזר בן־יהודה,male,?u?ki,Jerusalem,1858-01-07 00:00:00,1922-12-16 00:00:00
74,יוסף אהרונוביץ,,,,,
75,יוסף אבן חסדאי,,,,,
76,שמואל לייב גורדון,male,Lida,Tel Aviv,1867-01-01 00:00:00,1933-11-19 00:00:00
77,מרדכי בן הלל הכהן,male,Mahilio?,Haifa,1856-01-20 00:00:00,1936-12-07 00:00:00
78,ישראל חצקביץ,,,,,
79,יעקב לרנר,male,Ukraine$$$$$$$$place of birth$$$$$Berezhany,Ukraine$$$$$$$$place of death$$$$$Dnipro,1879-01-01 00:00:00,1918-06-12 00:00:00
80,נחמה פוחצ'בסקי,female,Brest,Rishon LeZion,1869-03-27 00:00:00,1934-05-21 00:00:00
81,יצחק אבן גיאת,,,,,
82,יוסף אבן סהל,,,,,
83,יוסף אבן אביתור,male,M?rida,Damascus,"

date of birth















10. century







instance of




statement with Gregorian date earlier than 1584







sourcing circumstances




circa








0 references






","

date of death















1025







instance of




statement with Gregorian date earlier than 1584







sourcing circumstances




circa








0 references






"
84,דונש הלוי בן לברט,,,,,
85,יוסף אבן צדיק,male,C?rdoba,C?rdoba,1075-01-01 00:00:00,1149-01-01 00:00:00
86,יצחק אבן קפרון,,,,,
87,יוסף אבן ששת,,,,,
88,יצחק אבן מר שאול,,,,,
89,שלמה אבן צקבל,,,,,
90,יצחק אבן עזרא,,,,,
91,יוסף קמחי,male,al-Andalus,Narbonne,1105-01-01 00:00:00,1170-01-01 00:00:00
92,יוסף אבן זבארה,,,,,
93,אבון,,,,,
94,יוסף אבן ברזל,,,,,
95,אוהב בן מאיר הנשיא,,,,,
96,יהודה אבן שבתי,,,,,
97,"יצחק בעל ""משלי ערב""",,,,,
98,שלמה אבן-אלמעלם,,,,,
99,הורטיוס,male,Venosa,Rome,"

date of birth















8 December 65 BCE








3 references





reference URL




http://www.treccani.it/enciclopedia/quinto-orazio-flacco_(Enciclopedia-Italiana)/










stated in




Q45181613







quotation




... ??????? ? 689 ?. ?? ????????? ??????, ?. ?. ? 65 ?. ?? ?. ?. 8 ??????? ? ??????? ... (Russian)










stated in




EB-11 / Horace







quotation




... was born on the 8th of December 65 B.C. at Venusia ... (English)











","

date of death















27 November 8 BCE








2 references





reference URL




http://www.treccani.it/enciclopedia/quinto-orazio-flacco_(Enciclopedia-Italiana)/










stated in




Q45181613







quotation




????, ???????? ????????????, ??????? ?? ??? ????????, ???? ?????? ????? ?????? ??????????, ????? ??? ???? ????? 57 ???, 27 ?????? ? 8 ?. ?? ?. ?. (Russian)











"
100,פיודור מיכאילוביץ' דוסטויבסקי,male,"Mariinsky Hospital for the Poor$$$$$$$$located in the administrative territorial entity$$$$$Moscow$$$$$$$$country$$$$$Russian Empire$$$$$$$$5 references$$$$$$stated in$$$$$Q19937818$$$$$$$$quotation$$$$$... ???. 30 ???. 1821 ?. ? ??????, ? ?????? ?????????? ????????, ??? ???? ??? ?????? ????-???????. (Russian)",Saint Petersburg$$$$$$$$7 references$$$$$$stated in$$$$$Q19937813,1821-11-11 00:00:00,"

date of death















28 January 1881Julian







9 references





stated in




Q19937818







sourcing circumstances




unspecified calendar; assumed Julian







quotation




29 ?????? ?? ?????? ??????????? ? ?????????? ??????, ?? 28 ?????? [1881 ????] ? ?????? ??? ??? ?? ???? ? ?????. (Russian)










stated in




Concise Literary Encyclopedia







sourcing circumstances




specified date of both Julian and Gregorian calendar







quotation




28.I(9.II).1881 (Russian)










stated in




RKDartists







reference URL




http://explore.rkd.nl/en/explore/artists/268756







RKDartists ID




268756







title




Fjodor Dostojewski (English)










stated in




BD Gest'







BD Gest' author ID




20026







named as




F?dor Mikha?lovitch Dosto?evski







retrieved




9 October 2017










stated in




Brockhaus Enzyklop?die







Brockhaus Enzyklop?die online ID




dostojewski-fjodor-michailowitsch







named as




Fjodor Michailowitsch Dostojewski







retrieved




9 October 2017










stated in




Great Norwegian Encyclopedia







Store norske leksikon ID




Fjodor_Dostojevskij







named as




Fjodor Dostojevskij










stated in




Internet Speculative Fiction Database







Internet Speculative Fiction Database author ID




34771







named as




????? ???????????










stated in




EB-11 / Dostoievsky, Feodor Mikhailovich







sourcing circumstances




unspecified calendar, assumed Gregorian







quotation




The last eight years of his life were spent in comparative prosperity at St Petersburg, where he died on the 9th of February 1881. (English)










stated in




The Mantle of the Prophet







page(s)




740



















29 January 1881Julian







1 reference





stated in




Q19937813







sourcing circumstances




unspecified calendar; assumed Julian







quotation




... ???? 29 ?????? 1881 ?., ? ?????????? (Russian)










????????? ? «???????? ????????» ??? ???????????? ???????????, ??? ????? ???? ?? ?????? ????????? ??????? ??????? ??? ??????, ? ?? ?????? ????, 29 ?????? 1881 ?., ???????????? ?? ?????. (Russian)



















9 February 1881Gregorian







3 references





stated in




Archivio Storico Ricordi







retrieved




3 December 2020







Archivio Storico Ricordi person ID




15671










stated in




BeWeB







BeWeb person ID




1705







retrieved




13 February 2021










stated in




The Fine Art Archive







abART person ID




15768







reference URL




https://cs.isabart.org/person/15768







retrieved




1 April 2021










"
101,שארל בודלר,male,Paris$$$$$$$$2 references$$$$$$stated in$$$$$Integrated Authority File$$$$$$$$retrieved$$$$$10 December 2014,Paris$$$$$$$$2 references$$$$$$stated in$$$$$Integrated Authority File$$$$$$$$retrieved$$$$$30 December 2014,1821-04-09 00:00:00,1867-08-31 00:00:00
102,אורי ניסן גנסין,male,Starodub,Warsaw,1879-10-29 00:00:00,1913-03-06 00:00:00
103,שלום עליכם,male,Pereiaslav,New York City,"

date of birth















18 February 1859Julian








3 references





imported from Wikimedia project




Russian Wikipedia










stated in




Great Soviet Encyclopedia (1969–1978)










stated in




Integrated Authority File







sourcing circumstances




unspecified calendar



















5 March 1859Gregorian








1 reference





stated in




Find a Grave







retrieved




24 August 2019











",1916-05-13 00:00:00
104,בנציון בן ירמיהו עקיבא אלפס,,,,,
105,חנה סנש,female,Budapest,Budapest,1921-07-17 00:00:00,1944-11-07 00:00:00
106,יהודה ליב בנימין בן ישראל קצנלסון,,,,,
107,עמנואל הרומי,male,Rome,Fermo,1260-01-01 00:00:00,"

date of death















1328







instance of




statement with Gregorian date earlier than 1584








1 reference





stated in




Integrated Authority File







GND ID




122697421







retrieved




15 October 2015



















1336Gregorian








1 reference





reference URL




http://www.treccani.it/enciclopedia/immanuel-da-roma_(Dizionario_Biografico)/







retrieved




27 June 2018











"
108,בן אביגדור,male,?aludok$$$$$$$$located in the administrative territorial entity$$$$$Vilna Governorate$$$$$$$$country$$$$$Russian Empire,Karlovy Vary,1866-01-01 00:00:00,1921-09-23 00:00:00
109,זאב ז'בוטינסקי,male,Odessa,Hunter,"

date of birth















5 October 1880Julian








1 reference





stated in




Russian writers 1800-1917







retrieved




23 October 2017







volume




2







page(s)




250



















17 October 1880Gregorian








3 references





stated in




Internet Movie Database







retrieved




21 June 2019










stated in




Brockhaus Enzyklop?die







Brockhaus Enzyklop?die online ID




jabotinsky-wladimir-zeev







named as




Wladimir (Zeev) Jabotinsky







retrieved




9 October 2017










stated in




Proleksis Encyclopedia







Proleksis enciklopedija ID




28628







named as




Vladimir Jabotinski











",1940-08-03 00:00:00
110,יוסף בן שמעון ויתקין,,,,,
111,אברהם משה לונץ,male,Kaunas,Jerusalem,1854-12-02 00:00:00,1918-04-14 00:00:00
112,מנדלי מוכר ספרים,male,Kapy?,Odessa,"

date of birth















21 December 1835Julian








1 reference





imported from Wikimedia project




Russian Wikipedia



















2 January 1836Gregorian








1 reference





stated in




Faceted Application of Subject Terminology







retrieved




7 May 2020







FAST ID




1519601











","

date of death















25 November 1917Julian








1 reference





imported from Wikimedia project




Russian Wikipedia



















8 December 1917Gregorian








2 references





stated in




Find a Grave







retrieved




29 August 2019










stated in




Internet Speculative Fiction Database







Internet Speculative Fiction Database author ID




208178







named as




Mendele Moykher-Sforim



















1917








1 reference





stated in




Faceted Application of Subject Terminology







retrieved




7 May 2020







FAST ID




1519601











"
113,יצחק אבן כלפון,,,,,
114,תומאס קרלייל,male,Ecclefechan,London,1795-12-04 00:00:00,1881-02-05 00:00:00
115,שמעון בן צמח דוּרָאן,,,,,
116,אנאקראון,male,Teos,Teos,"

date of birth















570 BCE







sourcing circumstances




circa







instance of




statement with Gregorian date earlier than 1584








1 reference





stated in




Nouveau Dictionnaire des auteurs de tous les temps et de tous les pays







volume




1







page(s)




85











","

date of death















485 BCEGregorian







sourcing circumstances




circa







instance of




statement with Gregorian date earlier than 1584








1 reference





stated in




Nouveau Dictionnaire des auteurs de tous les temps et de tous les pays







volume




1







page(s)




85











"
117,"איתמר בן-אב""י",male,Jerusalem,New York City,1882-07-31 00:00:00,1943-04-08 00:00:00
118,שמואל דוד לוצטו,male,Trieste,Padua,1800-08-22 00:00:00,1865-09-29 00:00:00
119,אברהם אשר בן אריה דוד פינשטין,,,,,
120,אדגר אלן פו,male,Boston$$$$$$$$located in the administrative territorial entity$$$$$Massachusetts$$$$$$$$4 references$$$$$$imported from Wikimedia project$$$$$German Wikipedia,Baltimore$$$$$$$$4 references$$$$$$imported from Wikimedia project$$$$$Russian Wikipedia,1809-01-19 00:00:00,1849-10-07 00:00:00
121,יהודה אפל,,,,,
122,דוד ילין,male,Jerusalem,Jerusalem,1864-03-19 00:00:00,1941-12-12 00:00:00
123,בנימין נחום סילקינר,male,Vilkija,New York City,1882-12-01 00:00:00,1933-11-06 00:00:00
124,קרל אמיל פרנצוז,male,Chortkiv,Berlin,1848-10-25 00:00:00,1904-01-28 00:00:00
125,פסח קפלן,,,,,
126,אברהם גולדפדן,male,Starokostiantyniv,New York City,1840-07-24 00:00:00,1908-01-09 00:00:00
127,מקס נורדאו,male,Pest,Paris,1849-07-29 00:00:00,1923-01-23 00:00:00
128,יצחק בר שֵׁשֶׁת בֶּרְפֶת,,,,,
129,אברהם מאפו,male,Kaunas,K?nigsberg,"

date of birth















28 December 1807Julian








1 reference





imported from Wikimedia project




Russian Wikipedia



















10 January 1808Gregorian








1 reference





imported from Wikimedia project




German Wikipedia











","

date of death















27 September 1867Julian








1 reference





imported from Wikimedia project




Russian Wikipedia



















9 October 1867Gregorian








1 reference





imported from Wikimedia project




German Wikipedia











"
130,חיים אריה זוטא,,,,,
131,ג'ון רסקין,male,London$$$$$$$$1 reference$$$$$$imported from Wikimedia project$$$$$German Wikipedia,Coniston$$$$$$$$1 reference$$$$$$imported from Wikimedia project$$$$$German Wikipedia,1819-02-08 00:00:00,1900-01-20 00:00:00
132,הנס כריסטיאן אנדרסן,male,Odense$$$$$$$$6 references$$$$$$stated in$$$$$Integrated Authority File$$$$$$$$retrieved$$$$$10 December 2014,"Copenhagen$$$$$$$$3 references$$$$$$stated in$$$$$Great Soviet Encyclopedia (1969–1978)$$$$$$$$section, verse, paragraph, or clause$$$$$???????? ???? ????????$$$$$$$$retrieved$$$$$28 September 2015",1805-04-02 00:00:00,1875-08-04 00:00:00
133,סיגביורן אובסטפלדר,male,Stavanger,Copenhagen,1866-11-21 00:00:00,1900-07-29 00:00:00
134,גבריאלֶה ד'אנונציו,,,,,
135,ולדיסלב חודסביץ',,,,,
136,דוד ישעיהו זילברבוש,male,Zalishchyky,Tel Aviv,1854-11-22 00:00:00,1936-03-01 00:00:00
137,אליעזר יצחק אילנאה,,,,,
138,שרל ון לרברג,,,,,
139,מרק ארנשטין,,,,,
140,אהרן ליבושיצקי,male,Ru?any,Poland,"

date of birth















August 1874Gregorian








1 reference





imported from Wikimedia project




Hebrew Wikipedia











",1942-07-26 00:00:00
141,אלמוני/ת,,,,,
142,יהודה לייב (לאון) פינסקר,,,,,
143,אז'ן סי,male,Paris$$$$$$$$1 reference$$$$$$imported from Wikimedia project$$$$$French Wikipedia,Annecy$$$$$$$$country$$$$$France$$$$$$$$1 reference$$$$$$imported from Wikimedia project$$$$$Russian Wikipedia,1804-01-26 00:00:00,1857-08-03 00:00:00
144,היינריך היינה,male,D?sseldorf$$$$$$$$country$$$$$Holy Roman Empire$$$$$$$$13 references$$$$$$stated in$$$$$Integrated Authority File$$$$$$$$retrieved$$$$$10 December 2014,Paris$$$$$$$$country$$$$$Second French Empire$$$$$$$$11 references$$$$$$stated in$$$$$Integrated Authority File$$$$$$$$retrieved$$$$$30 December 2014,1797-12-13 00:00:00,1856-02-17 00:00:00
145,ישראל בן מאיר בלקינד,,,,,
146,הנריק סנקביץ',male,Wola Okrzejska$$$$$$$$located in the administrative territorial entity$$$$$Podlasie Governorate,Vevey$$$$$$$$3 references$$$$$$stated in$$$$$Integrated Authority File$$$$$$$$retrieved$$$$$30 December 2014,1846-05-05 00:00:00,1916-11-15 00:00:00
147,אליעזר שיין,male,Babruysk,Jerusalem,1880-12-02 00:00:00,1931-03-31 00:00:00
148,ויליאם שייקספיר,male,Stratford-upon-Avon$$$$$$$$3 references$$$$$$stated in$$$$$Q28735342,Stratford-upon-Avon$$$$$$$$3 references$$$$$$stated in$$$$$Q28735342,"

date of birth















23 April 1564







2 references





stated in




Q28735342







sourcing circumstances




unspecified calendar; assumed Julian










stated in




BeWeB







BeWeb person ID




1271







retrieved




13 February 2021



















April 1564







latest date




26 April 1564







1 reference





reference URL




https://www.britannica.com/biography/William-Shakespeare










","

date of death















23 April 1616Julian







5 references





reference URL




http://www.bbc.co.uk/history/people/william_shakespeare/










stated in




Q28735342







sourcing circumstances




unspecified calendar; assumed Julian










reference URL




https://www.uh.edu/engines/epi2368.htm










stated in




BeWeB







BeWeb person ID




1271







retrieved




13 February 2021










stated in




The Fine Art Archive







abART person ID




15744







reference URL




https://cs.isabart.org/person/15744







retrieved




12 April 2021










"
149,פרידריך הבל,,,,,
150,שרה-פייגה פונר,,,,,
151,יהושע בן מאיר משה ברזלי,,,,,
152,לואי פנדלטון,,,,,
153,יחיאל יוסף לבונטין,male,Orsha,Tel Aviv,1861-01-18 00:00:00,1936-10-22 00:00:00
154,אלכסנדר זייד,male,Zima$$$$$$$$located in the administrative territorial entity$$$$$Q16535256,Mandatory Palestine,1886-01-01 00:00:00,1938-07-11 00:00:00
155,דנטה אליגיירי,male,Florence$$$$$$$$2 references$$$$$$stated in$$$$$Dizionario Biografico degli Italiani$$$$$$$$Treccani's Dizionario biografico degli italiani ID$$$$$dante-alighieri$$$$$$$$retrieved$$$$$6 July 2020,Ravenna$$$$$$$$country$$$$$Papal States$$$$$$$$2 references$$$$$$stated in$$$$$Dizionario Biografico degli Italiani$$$$$$$$Treccani's Dizionario biografico degli italiani ID$$$$$dante-alighieri$$$$$$$$retrieved$$$$$6 July 2020,"

date of birth















1265







earliest date




21 May 1265







latest date




21 June 1265







1 reference





stated in




Dizionario Biografico degli Italiani







Treccani's Dizionario biografico degli italiani ID




dante-alighieri







retrieved




6 July 2020



















30 May 1265







1 reference





stated in




Philosophical Encyclopedic Dictionary







section, verse, paragraph, or clause




????? ????????



















6 June 1265Gregorian







1 reference





stated in




BeWeB







retrieved




6 July 2020










","

date of death















13 September 1321







1 reference





stated in




Dizionario Biografico degli Italiani







Treccani's Dizionario biografico degli italiani ID




dante-alighieri







retrieved




6 July 2020



















14 September 1321







1 reference





stated in




Dizionario Biografico degli Italiani







Treccani's Dizionario biografico degli italiani ID




dante-alighieri







retrieved




6 July 2020



















22 September 1321Gregorian







1 reference





stated in




BeWeB







retrieved




6 July 2020










"
156,שמואל נחום כהנובסקי,,,,,
157,יצחק רילף,male,Rauischholzhausen,Bonn,1831-02-10 00:00:00,1902-09-18 00:00:00
158,תאופיל גוטייה,male,Tarbes$$$$$$$$5 references$$$$$$imported from Wikimedia project$$$$$German Wikipedia,Neuilly-sur-Seine$$$$$$$$4 references$$$$$$imported from Wikimedia project$$$$$German Wikipedia,1811-08-30 00:00:00,1872-10-23 00:00:00
159,מרדכי ספקטור,male,Uman,New York City,1858-05-05 00:00:00,1925-03-15 00:00:00
160,יוסף בן שמואל צרפתי,,,,,
161,אינוקנטי אננסקי,,,,,
162,מנחם מנדל בוים (מקמיניץ),,,,,
163,מקסים גורקי,male,Nizhny Novgorod,Gorki-10,1868-03-28 00:00:00,1936-06-18 00:00:00
164,סרגי יסנין,male,Konstantinovo$$$$$$$$located in the administrative territorial entity$$$$$Ryazan Uyezd,Angleterre Hotel$$$$$$$$country$$$$$Russian Empire$$$$$$$$located in the administrative territorial entity$$$$$Saint Petersburg,"

date of birth















21 September 1895Julian








3 references





stated in




Great Soviet Encyclopedia (1969–1978)










stated in




Concise Literary Encyclopedia







sourcing circumstances




specified date of both Julian and Gregorian calendar







quotation




21.IX(3.X).1895 (Russian)










stated in




Encyclop?dia Britannica Online



















3 October 1895Gregorian








2 references





stated in




Great Russian Encyclopedia










stated in




The Fine Art Archive







abART person ID




15706







reference URL




https://cs.isabart.org/person/15706







retrieved




1 April 2021











",1925-12-28 00:00:00
165,מאיר להמן,male,Verden (Aller),Mainz,1831-01-10 00:00:00,1890-04-14 00:00:00
166,יוהאן וולפגנג פון גתה,male,Frankfurt am Main$$$$$$$$2 references$$$$$$stated in$$$$$Integrated Authority File$$$$$$$$retrieved$$$$$10 December 2014,Weimar$$$$$$$$country$$$$$Saxe-Weimar-Eisenach$$$$$$$$3 references$$$$$$imported from Wikimedia project$$$$$German Wikipedia,1749-08-28 00:00:00,1832-03-22 00:00:00
167,נתן אליהשווילי,male,Tskhinvali,Tel Aviv,1893-01-01 00:00:00,1929-03-24 00:00:00
168,אפרים דינרד,,,,,
169,לב טולסטוי,male,Yasnaya Polyana$$$$$$$$country$$$$$Russian Empire$$$$$$$$4 references$$$$$$imported from Wikimedia project$$$$$French Wikipedia,Astapovo$$$$$$$$3 references$$$$$$imported from Wikimedia project$$$$$French Wikipedia,1828-09-09 00:00:00,1910-11-20 00:00:00
170,מארק טוויין,male,Florida$$$$$$$$located in the administrative territorial entity$$$$$Missouri$$$$$$$$country$$$$$United States of America$$$$$$$$0 references,Redding$$$$$$$$country$$$$$United States of America$$$$$$$$located in the administrative territorial entity$$$$$Connecticut$$$$$$$$0 references$$$$$$,1835-11-30 00:00:00,1910-04-21 00:00:00
171,אדם מיצקביץ',male,Zavosse$$$$$$$$location$$$$$Q18155970$$$$$$$$located in the administrative territorial entity$$$$$Novogrudsky Uyezd,"Istanbul$$$$$$$$3 references$$$$$$stated in$$$$$Great Soviet Encyclopedia (1969–1978)$$$$$$$$section, verse, paragraph, or clause$$$$$???????? ????$$$$$$$$retrieved$$$$$28 September 2015",1798-12-24 00:00:00,1855-11-26 00:00:00
172,שמעון שמואל פרוג,male,Bobrovyi Kut,Odessa,1860-11-15 00:00:00,1916-09-22 00:00:00
173,שמעון ברנפלד,male,Ivano-Frankivsk,Berlin,1860-01-06 00:00:00,1940-02-03 00:00:00
174,יצחק בן מרדכי יפה,,,,,
175,דוד זמושץ',,,,,
176,ז'ול ורן,male,Nantes$$$$$$$$3 references$$$$$$stated in$$$$$Integrated Authority File$$$$$$$$retrieved$$$$$10 December 2014$$$$$$$$GND ID$$$$$118626620,Amiens$$$$$$$$3 references$$$$$$stated in$$$$$Integrated Authority File$$$$$$$$retrieved$$$$$30 December 2014$$$$$$$$GND ID$$$$$118626620,1828-02-08 00:00:00,1905-03-24 00:00:00
177,שלמה אנ-סקי,male,?a?niki$$$$$$$$located in the administrative territorial entity$$$$$Vitebsk Governorate$$$$$$$$country$$$$$Russian Empire,Warsaw,"

date of birth















15 October 1863Julian








1 reference





stated in




BnF authorities







Biblioth?que nationale de France ID




12174957g







reference URL




http://data.bnf.fr/ark:/12148/cb12174957g







retrieved




10 October 2015











",1920-11-08 00:00:00
178,אליהו מידניק,,,,,
179,רודולף בורכארדט,,,,,
180,יהודה בן קורייש,,,,,
181,פרידריך ניטשה,male,R?cken$$$$$$$$country$$$$$Kingdom of Prussia$$$$$$$$2 references$$$$$$imported from Wikimedia project$$$$$German Wikipedia,Weimar$$$$$$$$3 references$$$$$$imported from Wikimedia project$$$$$Russian Wikipedia,1844-10-15 00:00:00,1900-08-25 00:00:00
182,אלכסנדר זיסקינד רבינוביץ',male,Lyady,Tel Aviv,1854-02-22 00:00:00,1945-09-06 00:00:00
183,אוסקר ויילד,male,Dublin$$$$$$$$1 reference$$$$$$stated in$$$$$Integrated Authority File$$$$$$$$retrieved$$$$$10 December 2014,Paris$$$$$$$$2 references$$$$$$stated in$$$$$Integrated Authority File$$$$$$$$retrieved$$$$$30 December 2014,1854-10-16 00:00:00,1900-11-30 00:00:00
184,גליקל מהמלן,,,,,
185,ויקטור אבורטין,,,,,
186,יוסף אליהו טריבוש,,,,,
187,לב שסטוב,male,Kyiv,Paris,"

date of birth















31 January 1866Julian








1 reference





imported from Wikimedia project




Russian Wikipedia











",1938-11-19 00:00:00
188,אנני בוק,,,,,
189,שמואל יוסף פין,male,Vilnius,Vilnius,"

date of birth















September 1819Gregorian








1 reference





imported from Wikimedia project




French Wikipedia











",1891-01-11 00:00:00
190,צבי שץ,male,Russian Empire,Jaffa,1890-01-01 00:00:00,1921-05-02 00:00:00
191,מולייר,male,Paris$$$$$$$$2 references$$$$$$stated in$$$$$Integrated Authority File$$$$$$$$retrieved$$$$$10 December 2014,Paris$$$$$$$$2 references$$$$$$stated in$$$$$Integrated Authority File$$$$$$$$retrieved$$$$$30 December 2014,1622-01-15 00:00:00,1673-02-17 00:00:00
192,אדמונדו דה אמיצ'יס,male,Oneglia$$$$$$$$2 references$$$$$$imported from Wikimedia project$$$$$German Wikipedia,Bordighera$$$$$$$$3 references$$$$$$imported from Wikimedia project$$$$$Russian Wikipedia,1846-10-21 00:00:00,1908-03-11 00:00:00
193,שלום שטריט,,,,,
194,גי דה מופאסאן,male,Dieppe$$$$$$$$1 reference$$$$$$stated in$$$$$Integrated Authority File$$$$$$$$retrieved$$$$$10 December 2014,Paris$$$$$$$$3 references$$$$$$imported from Wikimedia project$$$$$French Wikipedia,1850-08-05 00:00:00,1893-07-06 00:00:00
195,הומרוס,male,Smyrna$$$$$$$$1 reference$$$$$$stated in$$$$$Freebase Data Dumps,Ios$$$$$$$$1 reference$$$$$$imported from Wikimedia project$$$$$Russian Wikipedia,"

date of birth















9. century BCE







1 reference





stated in




general catalog of BnF







retrieved




6 November 2016










","

date of death















8. century BCE







1 reference





imported from Wikimedia project




Russian Wikipedia










"
196,פּוֹל וֶרלֶן,,,,,
197,לודוויג רלשטאב,,,,,
198,פרידריך שילר,male,Marbach am Neckar$$$$$$$$country$$$$$Holy Roman Empire$$$$$$$$3 references$$$$$$stated in$$$$$Integrated Authority File$$$$$$$$retrieved$$$$$10 December 2014,Weimar$$$$$$$$3 references$$$$$$stated in$$$$$Integrated Authority File$$$$$$$$retrieved$$$$$30 December 2014,1759-11-10 00:00:00,1805-05-09 00:00:00
199,יעקב ספיר,male,A?miany,Jerusalem,1822-01-01 00:00:00,1885-06-19 00:00:00
200,מרדכי זאב פיארברג,male,Novohrad-Volynskyi,Novohrad-Volynskyi,"

date of birth















8 September 1874Julian







instance of




statement with potentially incorrect Julian date








1 reference





imported from Wikimedia project




Russian Wikipedia



















20 September 1874Gregorian








0 references






","

date of death















18 February 1899Julian







instance of




statement with potentially incorrect Julian date








1 reference





imported from Wikimedia project




Russian Wikipedia



















2 March 1899Gregorian








0 references






"
201,ציליה דראפקין,female,Babruysk,New York City,1887-12-05 00:00:00,1956-08-17 00:00:00
202,לוי אריה אריאלי,male,Shishaki,New York City,1886-10-09 00:00:00,1943-01-15 00:00:00
203,נפתלי הירץ יהודה נימנוביץ,male,J?zef?w,Warsaw,1843-02-12 00:00:00,1898-03-10 00:00:00
204,מאיר דיזנגוף,male,Bessarabia,Tel Aviv,1861-02-25 00:00:00,1936-09-23 00:00:00
205,וילהלם ירוזלם,male,D?enice,Vienna,1854-10-11 00:00:00,1923-07-15 00:00:00
206,דוד פוגל,male,Sataniv,Auschwitz-Birkenau,1891-05-15 00:00:00,1944-03-10 00:00:00
207,עומר כיאם,male,Nishapur,Nishapur,1048-05-18 00:00:00,1131-12-04 00:00:00
208,לב לבנדה,male,Minsk,Saint Petersburg,1835-01-01 00:00:00,1888-06-18 00:00:00
209,צבי אלעזר טלר,male,Zolochiv,Przemy?l,1840-07-18 00:00:00,1914-01-01 00:00:00
210,פרנסיס ז’ם,,,,,
211,יהודה לודוויג פיליפסון,male,Dessau,Bonn,1811-12-28 00:00:00,1889-12-29 00:00:00
212,שרה הירש,,,,,
213,אבשלום פינברג,male,Gedera$$$$$$$$country$$$$$Ottoman Palestine,Sinai Peninsula$$$$$$$$country$$$$$Ottoman Empire,1889-10-23 00:00:00,1917-01-20 00:00:00
214,לואיס קמואנס,,,,,
215,גרייס אגילר,female,Hackney,Frankfurt am Main,1816-06-02 00:00:00,1847-09-16 00:00:00
216,אברהם שוער,male,Latvia$$$$$$$$place of birth$$$$$Ludza,United States of America$$$$$$$$place of death$$$$$New York City,1868-10-24 00:00:00,1940-01-13 00:00:00
217,אובידיוס,male,Sulmo$$$$$$$$2 references$$$$$$stated in$$$$$Q45188191,"Constan?a$$$$$$$$3 references$$$$$$stated in$$$$$Q45188191$$$$$$$$quotation$$$$$??? ?????? ? ???????? ?????????? ??? ???????????, ? ? ????? ?? ??????? ?????? ?? ???? ? ????? ? 17 ?. ?? ?. ?. ? ??? ??? ?? ????????. (Russian)","

date of birth















20 March 43 BCE







3 references





reference URL




http://www.treccani.it/enciclopedia/publio-ovidio-nasone_(Enciclopedia-Italiana)/







title




OVIDIO Nasone, Publio (English)










stated in




Enciclopedia Treccani







retrieved




12 February 2015










stated in




Q45188191







quotation




... ?? ??????? 20 ?????, ?? ?????? ???? ????????? Quinquatrus, ???????????? ???????, ? Sulmo (?. ????????), ? 43 ?. ?? ?. ?. (Russian)










","

date of death















17







3 references





stated in




Q45188191










stated in




general catalog of BnF







retrieved




16 September 2016










stated in




Q20991332







quotation




... ?????????? ???? ????????? ? ????? ? 17 ?. ????? ?. ?., ? ???????? ? ???????????? ??????. (Russian)










"
218,סופוקלס,male,Colonus,Athens,"

date of birth















496 BCEGregorian







sourcing circumstances




circa







instance of




statement with Gregorian date earlier than 1584








1 reference





stated in




general catalog of BnF







retrieved




7 September 2016



















497 BCEGregorian







instance of




statement with Gregorian date earlier than 1584








0 references






","

date of death















406 BCEGregorian







instance of




statement with Gregorian date earlier than 1584








1 reference





stated in




general catalog of BnF







retrieved




7 September 2016



















405 BCEGregorian







instance of




statement with Gregorian date earlier than 1584








0 references






"
219,אברהם ליסין,male,Minsk,New York City,1872-05-19 00:00:00,1938-11-05 00:00:00
220,ולדימיר קורלנקו,,,,,
221,אברהם בר גוטלובר,male,Starokostiantyniv,Bia?ystok,1811-01-14 00:00:00,1899-04-12 00:00:00
222,אליהו גולומב,male,Va?kavysk,Tel Aviv,1893-03-02 00:00:00,1945-06-11 00:00:00
223,דוד הוניגמן,,,,,
224,חיים יעקב בן ברוך אונגר,,,,,
225,סווטוניוס,male,unknown value,Roman Empire,"

date of birth















70







sourcing circumstances




circa








1 reference





stated in




Integrated Authority File







GND ID




118619918







retrieved




17 October 2015



















69








1 reference





stated in




Internet Movie Database







IMDb ID




nm1306711







retrieved




28 March 2021







reference URL




https://www.imdb.com/name/nm1306711/bio?ref_=nm_ov_bio_sm#overview







section, verse, paragraph, or clause




Overview







author name string




Sujit R. Varma











","

date of death















126







sourcing circumstances




circa








0 references














140








1 reference





stated in




Internet Movie Database







IMDb ID




nm1306711







retrieved




28 March 2021







reference URL




https://www.imdb.com/name/nm1306711/bio?ref_=nm_ov_bio_sm#overview







section, verse, paragraph, or clause




Overview







author name string




Sujit R. Varma











"
226,בוריס שץ,male,Varniai,Denver,1867-12-23 00:00:00,1932-03-23 00:00:00
227,ג'סי סמפטר,female,New York City,Mandatory Palestine,1883-03-22 00:00:00,1938-11-25 00:00:00
228,יעקב יערי־פולסקין,,,,,
229,יצחק שריון,male,Dzisna,Jerusalem,1871-04-02 00:00:00,1941-07-31 00:00:00
230,משה מנדלסון,male,Dessau,Berlin,1729-09-06 00:00:00,1786-01-04 00:00:00
231,ורגיליוס,male,Borgo Virgilio$$$$$$$$country$$$$$Roman Republic$$$$$$$$1 reference$$$$$$imported from Wikimedia project$$$$$Italian Wikipedia,Brindisi$$$$$$$$country$$$$$Roman Empire$$$$$$$$3 references$$$$$$imported from Wikimedia project$$$$$Russian Wikipedia,"

date of birth















15 October 70 BCE







1 reference





stated in




DGRBM-1870 / P. Virgilius







sourcing circumstances




unspecified calendar







quotation




... was bom on the 15th of October, B. C. 70 in the first consulship of Cn. Pompeius Magnus and M. Licinius Crassus, at Andes, a small village near Mantua in Cisalpine Gaul. (English)



















70 BCE







2 references





stated in




Concise Literary Encyclopedia










stated in




Q20736212










","

date of death















21 September 19 BCE







1 reference





stated in




Encyclop?dia Britannica







reference URL




https://archive.org/stream/encyclopaediabri28chisrich#page/112/mode/2up



















19 BCE







2 references





stated in




Concise Literary Encyclopedia










stated in




Q20736212










"
232,יהודה בן מרדכי ברש,,,,,
233,שמשון צוקרמנדל,,,,,
234,אדמון רוסטאן,male,Marseille,Paris,1868-04-01 00:00:00,1918-12-02 00:00:00
235,רבקה ליפא אניקסטר,,,,,
236,צבי הירש יפה,,,,,
237,פנחס מרדכי בן צבי גריבסקי,,,,,
238,ליאופולד קומפרט,,,,,
239,איוון טורגנייב,male,Oryol,Bougival$$$$$$$$country$$$$$French Third Republic,"

date of birth















28 October 1818Julian








7 references





stated in




Integrated Authority File







retrieved




9 April 2014










stated in




Enciclopedia Treccani










stated in




Encyclop?dia Britannica Online










stated in




BnF authorities







retrieved




10 October 2015







reference URL




http://data.bnf.fr/ark:/12148/cb119269157










stated in




Great Soviet Encyclopedia (1969–1978)







retrieved




1 July 2016










imported from Wikimedia project




Russian Wikipedia










reference URL




https://bigenc.ru/literature/text/4209835







title




???????? ???? ????????? (Russian)







published in




Great Russian Encyclopedia



















9 November 1818Gregorian








12 references





stated in




Discogs







Discogs artist ID




1576452







named as




???? ????????







retrieved




9 October 2017










stated in




Internet Broadway Database







Internet Broadway Database person ID




69460







named as




Iwan Turgenjew







retrieved




9 October 2017










stated in




Internet Broadway Database







Internet Broadway Database person ID




82554







named as




Ivan Turgenev







retrieved




9 October 2017










stated in




Internet Broadway Database







Internet Broadway Database person ID




6482







named as




Ivan Sergeyevitch Turgenev







retrieved




9 October 2017










stated in




BD Gest'







BD Gest' author ID




35377







named as




Ivan Tourgueniev







retrieved




9 October 2017










stated in




Brockhaus Enzyklop?die







Brockhaus Enzyklop?die online ID




turgenjew-iwan-sergejewitsch







named as




Iwan Sergejewitsch Turgenjew







retrieved




9 October 2017










stated in




Great Norwegian Encyclopedia







Store norske leksikon ID




Ivan_Turgenev







named as




Ivan Turgenev










stated in




BnF authorities







Biblioth?que nationale de France ID




119269157







named as




Ivan Sergeevi? Turgenev










stated in




Gran Enciclop?dia Catalana







Gran Enciclop?dia Catalana ID




0067951







named as




Ivan Sergejevii Turgenev










stated in




Roglo







Roglo person ID




p=ivan+sergueievitch;n=tourgueniev







named as




Ivan Sergue?evitch Tourgueniev










stated in




Babelio







Babelio author ID




4017







named as




Ivan Tourgueniev










stated in




The Fine Art Archive







abART person ID




15657







reference URL




https://cs.isabart.org/person/15657







retrieved




1 April 2021











",1883-09-03 00:00:00
240,ג'ורג' אליוט,female,Nuneaton,London,1819-11-22 00:00:00,1880-12-22 00:00:00
241,שאול יצחק קמפף,,,,,
242,מנחם מנדל איילבום,,,,,
243,שמואל בן עזריאל מולדר,,,,,
244,אליעזר מיטרופוליטנסקי,,,,,
245,ג'ונתן סוויפט,male,Dublin,Dublin$$$$$$$$country$$$$$Ireland,1667-11-30 00:00:00,1745-10-19 00:00:00
246,חיים אהרן קפלן,male,Baranavichy,"Treblinka, Masovian Voivodeship",1880-09-19 00:00:00,"

date of death















January 1943








1 reference





imported from Wikimedia project




French Wikipedia



















1942








4 references





stated in




BnF authorities







Biblioth?que nationale de France ID




15825643s







reference URL




http://data.bnf.fr/ark:/12148/cb15825643s







retrieved




10 October 2015










imported from Wikimedia project




French Wikipedia










stated in




Babelio







Babelio author ID




165222







named as




Chaim Aron Kaplan










stated in




MAK







PLWABN ID




9810638378905606







named as




Chaim Aron Kaplan











"
247,"אד""ם הכהן",male,Vilnius,Vilnius,1794-01-01 00:00:00,1878-11-19 00:00:00
248,צבי כשדאי,male,Dubova,Haifa,"

date of birth















November 1862Gregorian








1 reference





stated in




Project Ben-Yehuda







Ben Yehuda author ID




131







named as




צבי בן דוד חיים כשדאי











",1937-08-15 00:00:00
249,רייצע בת מרדכי חן טוב,,,,,
250,יצחק חיים קסטיליוני,,,,,
251,יהודה אבן גיאת,,,,,
252,לוי אבן מר שאול,,,,,
253,חיא,,,,,
254,יצחק בעל “עזרת נשים”,,,,,
255,יעקב וסרמן,male,F?rth,Altaussee,1873-03-10 00:00:00,1934-01-01 00:00:00
256,יוסף אליהו שלוש,,,,,
257,יחיאל מיכל פינס,male,Grodno,Jerusalem,1824-09-18 00:00:00,1913-03-15 00:00:00
258,יעקב גולדמן,,,,,
259,ישראל זרחי,male,J?drzej?w,Jerusalem,1909-10-09 00:00:00,1947-07-24 00:00:00
260,פישל לחובר,male,Chorzele,Tel Aviv,1883-11-18 00:00:00,1947-02-25 00:00:00
261,יעקב שטיינברג,male,Bila Tserkva$$$$$$$$country$$$$$Russian Empire,Tel Aviv$$$$$$$$country$$$$$Mandatory Palestine,1887-09-01 00:00:00,1947-06-22 00:00:00
262,רבינדראנאת טאגור,,,,,
263,רודולף אריך ראספה,,,,,
264,נח פינס,,,,,
265,חיים הררי,,,,,
266,ראובן אשר ברודס,male,Vilnius,Vienna,1851-09-22 00:00:00,1902-10-18 00:00:00
267,ג'וזף קונרד,male,Berdychiv$$$$$$$$3 references$$$$$$imported from Wikimedia project$$$$$German Wikipedia,Bishopsbourne$$$$$$$$2 references$$$$$$reference URL$$$$$http://www.warsawtour.pl/en/about-warsaw/famous-people-related-to-warsaw-3917.html?page=0%2C6,1857-12-03 00:00:00,1924-08-03 00:00:00
268,יצחק אונא,male,W?rzburg,Jerusalem,1872-02-29 00:00:00,1948-05-19 00:00:00
269,רוברט לואיס סטיבנסון,male,"Edinburgh$$$$$$$$street address$$$$$8, Howard Place (English)$$$$$$$$4 references$$$$$$imported from Wikimedia project$$$$$Russian Wikipedia","Vailima, Samoa$$$$$$$$1 reference$$$$$$reference URL$$$$$https://hdl.handle.net/2027/uva.x000181966$$$$$$$$page(s)$$$$$179-184",1850-11-13 00:00:00,1894-12-03 00:00:00
270,יצחק אפשטיין,male,Liuba?,Jerusalem,1863-01-01 00:00:00,1943-02-26 00:00:00
271,ליטון סטרייצ'י,male,London,Berkshire,1880-03-01 00:00:00,1932-01-21 00:00:00
272,ג'יימס פנימור קופר,male,Burlington$$$$$$$$1 reference$$$$$$reference URL$$$$$http://web.archive.org/web/20170324033415/http://jeugdliteratuur.org/auteurs/james-fenimore-cooper$$$$$$$$stated in$$$$$jeugdliteratuur.org,"Cooperstown$$$$$$$$1 reference$$$$$$stated in$$$$$Great Soviet Encyclopedia (1969–1978)$$$$$$$$section, verse, paragraph, or clause$$$$$????? ?????? ???????$$$$$$$$retrieved$$$$$25 February 2017",1789-09-15 00:00:00,1851-09-14 00:00:00
273,פסח גינזבורג,male,Lipnik,Jerusalem,1894-04-28 00:00:00,1947-01-29 00:00:00
274,ינס פטר יעקבסן,male,Thisted,Thisted,1847-04-07 00:00:00,1885-04-30 00:00:00
275,מנחם אוסישקין,male,Dubro?na,Jerusalem,1863-08-14 00:00:00,1941-10-02 00:00:00
276,הניה פקלמן,female,M?rcule?ti,Tel Aviv,1903-01-01 00:00:00,1940-01-19 00:00:00
277,יצחק קצנלסון,male,Kareli?y$$$$$$$$country$$$$$Russian Empire,Auschwitz II-Birkenau concentration camp,1886-07-01 00:00:00,1944-05-01 00:00:00
278,אלכסנדר אהרנסון,male,Zikhron Ya'akov,Nice,1888-09-28 00:00:00,1948-01-01 00:00:00
279,דמיטרי מרז'קובסקי,,,,,
280,הרודוטוס,male,Halicarnassus,Thurii,"

date of birth















484 BCEGregorian







sourcing circumstances




circa








1 reference





imported from Wikimedia project




Italian Wikipedia











","

date of death















425 BCEGregorian







sourcing circumstances




circa








1 reference





imported from Wikimedia project




Italian Wikipedia











"
281,מיכאל אשבל,,,,,
282,משה יעקב בן דוד אוטולנגי,,,,,
283,מאיר ד' ריבקין,,,,,
284,יוסף מיוחס,,,,,
285,יוסף מיוחס; דוד ילין,,,,,
286,פנחס  בן ישעיה פסיס,,,,,
287,יוסף בן מתתיהו,male,Jerusalem$$$$$$$$country$$$$$Judea$$$$$$$$3 references$$$$$$imported from Wikimedia project$$$$$German Wikipedia,Rome$$$$$$$$2 references$$$$$$imported from Wikimedia project$$$$$Italian Wikipedia,"

date of birth















37







3 references





stated in




Brockhaus and Efron Encyclopedic Dictionary










stated in




Jewish Encyclopedia of Brockhaus and Efron










stated in




Internet Movie Database







IMDb ID




nm0430769







retrieved




28 March 2021







reference URL




https://www.imdb.com/name/nm0430769/bio







section, verse, paragraph, or clause




Overview



















38







1 reference





stated in




Jewish Encyclopedia of Brockhaus and Efron










","

date of death















100







2 references





imported from Wikimedia project




Italian Wikipedia










stated in




Integrated Authority File







GND ID




118640003







retrieved




14 October 2015



















95







1 reference





stated in




Internet Movie Database







IMDb ID




nm0430769







retrieved




28 March 2021







reference URL




https://www.imdb.com/name/nm0430769/bio







section, verse, paragraph, or clause




Overview










"
288,טאקיטוס,male,Gallia Narbonensis,Roman Empire,"

date of birth















54







sourcing circumstances




circa








1 reference





stated in




Q1581187







point in time




2000







issue




49











","

date of death















120







sourcing circumstances




circa








3 references





stated in




Q1581187







point in time




2000







issue




49










stated in




SNAC







SNAC ARK ID




w6rr2c2f







named as




Tacitus







retrieved




9 October 2017










stated in




The Fine Art Archive







abART person ID




90924







named as




Publius Tacitus











"
289,מיגל דה סרוואנטס,male,Alcal? de Henares$$$$$$$$country$$$$$Crown of Castile$$$$$$$$2 references$$$$$$imported from Wikimedia project$$$$$Russian Wikipedia,Madrid$$$$$$$$country$$$$$Crown of Castile$$$$$$$$2 references$$$$$$imported from Wikimedia project$$$$$German Wikipedia,"

date of birth















29 September 1547







sourcing circumstances




circa







3 references





reference URL




http://www.treccani.it/enciclopedia/cervantes-saavedra-miguel-de_(Enciclopedia-Italiana)/










reference URL




http://web.archive.org/web/20170324033852/http://jeugdliteratuur.org/auteurs/miguel-de-cervantes-saavedra










stated in




BeWeB







retrieved




5 February 2021







BeWeb person ID




1691



















1547Gregorian







12 references





reference URL




https://edition-humboldt.de/H0012977







named as




Miguel de Cervantes Saavedra










stated in




AlKindi







General Diamond Catalogue ID




2449







named as




Miguel Cerv?ntes Saavedra










stated in




CONOR.BG







CONOR.BG ID




4982117







named as




Miguel de Cervantes Saavedra










stated in




Korean Authority File







National Library of Korea ID




KAC199604714







named as




Miguel de Cervantes Saavedra










stated in




CONOR.SR







CONOR.SR ID




9057639







named as




Miguel de Cervantes Saavedra










stated in




Swedish Literature Bank







Swedish Literature Bank Author ID




CervantesSM







named as




Miguel de Cervantes Saavedra










stated in




National Library of Portugal







Portuguese National Library ID




44322







named as




Miguel de Cervantes










stated in




Union Catalog of Armenian Libraries







Union Catalog of Armenian Libraries authority ID




18195







named as




?????????










stated in




opac.vatlib.it







Vatican Library VcBA ID




495/19174







named as




Miguel de Cervantes Saavedra










stated in




Catalogue of the Unione Romana Biblioteche Scientifiche







Unione Romana Biblioteche Scientifiche ID




20942







named as




Miguel de Cervantes Saavedra










stated in




Bibliography of the History of the Czech Lands







BHCL UUID




52d251af-2748-4f8e-89ae-06d2603762b4







named as




Miguel de Cervantes Saavedra










PLWABN ID




9810537515005606







stated in




MAK







named as




Miguel de Cervantes Saavedra










",1616-04-22 00:00:00
290,וילהלם הרצברג,male,Szczecin,City of Brussels,1827-11-30 00:00:00,1897-04-21 00:00:00
291,חיים יחיאל בורנשטיין,,,,,
292,הארייט ביצ'ר-סטואו,,,,,
293,קרלו קולודי,male,Florence,Florence,1826-11-24 00:00:00,1890-10-26 00:00:00
294,ארתור רופין,male,Rawicz,Jerusalem,1876-03-01 00:00:00,1943-01-01 00:00:00
295,אהרן אהרנסון,male,Bac?u,Zikhron Ya'akov,1876-05-21 00:00:00,1919-05-15 00:00:00
296,וילהלם גרים; יעקב גרים,,,,,
297,אפלטון,male,Classical Athens$$$$$$$$country$$$$$Delian League$$$$$$$$1 reference$$$$$$stated in$$$$$Platon bob esponga muerto — ?uvres compl?tes$$$$$$$$page(s)$$$$$IX,Classical Athens$$$$$$$$country$$$$$Delian League$$$$$$$$0 references$$$$$$,"

date of birth















7 May 427 BCE







1 reference





reference URL




http://mek.oszk.hu/03400/03410/html/6677.html



















21 May 429 BCE







1 reference





stated in




Q45261942










","

date of death















347 BCEGregorian







1 reference





stated in




Platon bob esponga muerto — ?uvres compl?tes







page(s)




IX










"
298,ישראל דושמן,male,Vilnius,Tel Aviv,1884-01-01 00:00:00,1947-01-01 00:00:00
299,יעקב רבינוביץ',male,Va?kavysk,Tel Aviv,1875-12-10 00:00:00,1948-04-04 00:00:00
300,אהרון זאב אשכולי,male,??d?,Israel,1901-01-01 00:00:00,1948-12-06 00:00:00
301,יצחק לופבן,,,,,
302,צבי זוירי,male,Grodno,Latrun,1912-12-18 00:00:00,1948-05-31 00:00:00
303,תאודור מומסן,male,Garding,Charlottenburg,1817-11-30 00:00:00,1903-11-01 00:00:00
304,רפאל ג'ובניולי,,,,,
305,ישעיהו קרניאל,male,B?rlad,Haifa,1881-05-18 00:00:00,1942-12-05 00:00:00
306,אברהם מנחם-מנדל מור,,,,,
307,וילהלם בוש,male,Wiedensahl$$$$$$$$2 references$$$$$$stated in$$$$$Integrated Authority File$$$$$$$$retrieved$$$$$11 December 2014,Mechtshausen$$$$$$$$0 references$$$$$$,1832-04-15 00:00:00,1908-01-09 00:00:00
308,מרדכי אהרן גינצבורג,male,Salantai,Vilnius,1795-12-03 00:00:00,1846-11-05 00:00:00
309,הנרי וודסוורת' לונגפלו,male,Portland,Cambridge,1807-02-27 00:00:00,1882-03-24 00:00:00
310,רוברט ברנז,male,Alloway$$$$$$$$located in the administrative territorial entity$$$$$Scotland,Dumfries,1759-01-25 00:00:00,1796-07-21 00:00:00
311,פרסי ביש שלי,male,Horsham,La Spezia,1792-08-04 00:00:00,1822-07-08 00:00:00
312,אלפרד דה מיסה,male,Paris$$$$$$$$5 references$$$$$$imported from Wikimedia project$$$$$French Wikipedia,Paris$$$$$$$$5 references$$$$$$imported from Wikimedia project$$$$$French Wikipedia,1810-12-11 00:00:00,1857-05-02 00:00:00
313,ריכרד דֵמֶל,,,,,
314,ז'וזה מריה דה ארדיה,,,,,
315,פרנסיס תומפסון,,,,,
316,שותא רוסתאוולי,male,Rustavi$$$$$$$$country$$$$$Kingdom of Georgia,Jerusalem,1172-01-01 00:00:00,1216-01-01 00:00:00
317,אסאיאס טגנר,,,,,
318,חאפז,male,Shiraz$$$$$$$$country$$$$$Muzaffarids of Iran,Shiraz$$$$$$$$country$$$$$Timurid Empire,1326-01-01 00:00:00,"

date of death















1389







earliest date




1389







latest date




1390








3 references





stated in




Union List of Artist Names







retrieved




24 May 2018










stated in




Larousse Encyclopedia online







retrieved




24 May 2018










stated in




BnF authorities







retrieved




24 May 2018











"
319,דיוניסיוס סולומוס,,,,,
320,איוואן בונין,male,Voronezh,Paris,"

date of birth















10 October 1870Julian








2 references





stated in




Concise Literary Encyclopedia










imported from Wikimedia project




Russian Wikipedia



















22 October 1870Gregorian








8 references





stated in




Internet Movie Database







retrieved




25 June 2019










stated in




Discogs







Discogs artist ID




1400137







named as




???? ?????







retrieved




9 October 2017










stated in




Munzinger-Archiv







Munzinger person ID




00000003640







named as




Iwan Alexejewitsch Bunin







retrieved




9 October 2017










stated in




Brockhaus Enzyklop?die







Brockhaus Enzyklop?die online ID




bunin-iwan-alexejewitsch







named as




Iwan Alexejewitsch Bunin







retrieved




9 October 2017










stated in




Internet Speculative Fiction Database







Internet Speculative Fiction Database author ID




237958







named as




???? ?????










stated in




BnF authorities







Biblioth?que nationale de France ID




11893350n







named as




Ivan Alekseevi? Bunin










stated in




Gran Enciclop?dia Catalana







Gran Enciclop?dia Catalana ID




0012815







named as




Ivan Aleksejevi? Bunin










stated in




The Fine Art Archive







abART person ID




61940







reference URL




https://cs.isabart.org/person/61940







retrieved




1 April 2021











",1953-11-08 00:00:00
321,יצחק בר לוינזון,male,Kremenets,Kremenets,1788-10-13 00:00:00,1860-02-13 00:00:00
322,יצחק ברקמן,,,,,
323,נחמיה דב הופמן,,,,,
324,פביוס מיזס,,,,,
325,חיים מיכל מיכלין,,,,,
326,פילון האלכסנדרוני,male,Alexandria,Alexandria,"

date of birth















15 BCE







sourcing circumstances




circa







instance of




statement with Gregorian date earlier than 1584








1 reference





Encyclop?dia Britannica Online ID




biography/Philo-Judaeus











","

date of death















45Gregorian







sourcing circumstances




circa







instance of




statement with Gregorian date earlier than 1584








1 reference





imported from Wikimedia project




Italian Wikipedia











"
327,אלישבע,,,,,
328,מנחם שטיין,male,Bia?ystok,Jerusalem,1855-03-24 00:00:00,1916-04-19 00:00:00
329,אהרן הלוי איזגור,,,,,
330,זלמן יצחק אנכי,male,Lyady,Tel Aviv,1878-07-18 00:00:00,1947-10-15 00:00:00
331,שמעון דובנוב,male,Mstsislav,Riga$$$$$$$$country$$$$$Latvia,1860-09-10 00:00:00,1941-12-08 00:00:00
332,יהודה קרני,male,Pinsk,Tel Aviv,1884-01-01 00:00:00,1949-01-03 00:00:00
333,אנדרה שנייה,male,"Istanbul$$$$$$$$2 references$$$$$$stated in$$$$$EB-11 / Ch?nier, Andr? de",Paris$$$$$$$$1 reference$$$$$$stated in$$$$$Concise Literary Encyclopedia,1762-10-30 00:00:00,1794-07-25 00:00:00
334,שטפן גאורגה,male,B?desheim,Minusio,1868-07-12 00:00:00,1933-12-04 00:00:00
335,מ. סיקו (מאיר סמילנסקי),,,,,
336,יצחק שמי,,,,,
337,אל-חרירי,male,Basra,Basra,1054-01-01 00:00:00,1122-01-01 00:00:00
338,דוד פרנקו מנדס,male,Amsterdam,Amsterdam,1713-01-01 00:00:00,1792-01-01 00:00:00
339,יואל משה סלומון,male,Jerusalem,Jerusalem,1838-03-08 00:00:00,1912-10-22 00:00:00
340,אשר ביילין,male,Kyiv,Tel Aviv,1881-04-01 00:00:00,1948-09-12 00:00:00
341,ישראל וייסברם,male,Grodno,Warsaw,1839-02-04 00:00:00,"

date of death















1910s








0 references






"
342,יעקב גורדין,male,Myrhorod,New York City,1853-05-01 00:00:00,1909-06-11 00:00:00
343,יצחק בן־דור,,,,,
344,שמעון גינצבורג,male,Lipnik,New York City,1890-11-18 00:00:00,1944-01-11 00:00:00
345,שלמה פפנהיים,male,Bia?a,Wroc?aw,1740-02-02 00:00:00,1814-03-02 00:00:00
346,דב אריאל (ליבוביץ'),,,,,
347,גסטון מספרו,male,Paris,Institut de France - Coll?ge des Quatre Nations,1846-06-23 00:00:00,1916-06-30 00:00:00
348,משה בן-אליעזר,male,??u?yn District,Tel Aviv,1882-04-06 00:00:00,1944-08-07 00:00:00
349,אברהם פריצול,male,Avignon,Ferrara,1451-01-01 00:00:00,1525-01-01 00:00:00
350,גרהרט האופטמן,male,Szczawno-Zdr?j,Jagni?tk?w,1862-11-15 00:00:00,1946-06-06 00:00:00
351,מיכאיל לרמונטוב,male,Moscow$$$$$$$$5 references$$$$$$stated in$$$$$Concise Literary Encyclopedia,Pyatigorsk$$$$$$$$4 references$$$$$$stated in$$$$$Concise Literary Encyclopedia,"

date of birth















3 October 1814Julian







2 references





stated in




Concise Literary Encyclopedia










stated in




Q19937874







sourcing circumstances




unspecified calendar; assumed Julian







quotation




?????? 1814 ?. ??????? ????? ?????????? ? ????? ? ??????? ??????????? ? ?????? ? ?????????? ? ???? ???????? ?. ?. ???? ?? ??????? ??., ?????? ??????? ?????. ?? 2 ?? 3 ??????? ????? ? ??????? ? ??????????? ???, ????????? ? ?????? ???? ?? ??????? ?????? — ????????. (Russian)



















2 October 1814Julian







1 reference





stated in




Q19937916







sourcing circumstances




unspecified calendar; assumed Julian



















15 October 1814Gregorian







9 references





stated in




Internet Movie Database







retrieved




26 June 2019










stated in




BD Gest'







BD Gest' author ID




36560







named as




Mikha?l Lermontov







retrieved




9 October 2017










stated in




Brockhaus Enzyklop?die







Brockhaus Enzyklop?die online ID




lermontow-michail-jurjewitsch







named as




Michail Lermontow







retrieved




9 October 2017










stated in




Internet Speculative Fiction Database







Internet Speculative Fiction Database author ID




158953







named as




?????? ?????????










stated in




BnF authorities







Biblioth?que nationale de France ID




119125734







named as




Mihail ?r?evi? Lermontov










stated in




Vegetti Catalog of Fantastic Literature







Vegetti Catalog of Fantastic Literature NILF ID




13152







named as




Michail Jur'evi? Lermontov










stated in




Gran Enciclop?dia Catalana







Gran Enciclop?dia Catalana ID




0037002







named as




Mikhail Jurjevi? Lermontov










stated in




Babelio







Babelio author ID




361623







named as




Mikha?l Lourievitch Lermontov










stated in




The Fine Art Archive







abART person ID




16306







reference URL




https://cs.isabart.org/person/16306







retrieved




1 April 2021



















1814







1 reference





imported from Wikimedia project




Persian Wikipedia










","

date of death















15 July 1841Julian







3 references





stated in




Concise Literary Encyclopedia










stated in




Q19937916







sourcing circumstances




unspecified calendar; assumed Julian










stated in




Q19937874







sourcing circumstances




unspecified calendar; assumed Julian



















27 July 1841Gregorian







8 references





stated in




Find a Grave







retrieved




30 August 2019










stated in




BD Gest'







BD Gest' author ID




36560







named as




Mikha?l Lermontov







retrieved




9 October 2017










stated in




Brockhaus Enzyklop?die







Brockhaus Enzyklop?die online ID




lermontow-michail-jurjewitsch







named as




Michail Lermontow







retrieved




9 October 2017










stated in




Internet Speculative Fiction Database







Internet Speculative Fiction Database author ID




158953







named as




?????? ?????????










stated in




BnF authorities







Biblioth?que nationale de France ID




119125734







named as




Mihail ?r?evi? Lermontov










stated in




Gran Enciclop?dia Catalana







Gran Enciclop?dia Catalana ID




0037002







named as




Mikhail Jurjevi? Lermontov










stated in




Babelio







Babelio author ID




361623







named as




Mikha?l Lourievitch Lermontov










stated in




The Fine Art Archive







abART person ID




16306







reference URL




https://cs.isabart.org/person/16306







retrieved




1 April 2021










"
352,משה אורנשטיין,,,,,
353,יהושע פרידמן,male,Vilnius,Tel Aviv,1885-02-18 00:00:00,1934-05-03 00:00:00
354,לאופולד לעף; עמנואל לעף,,,,,
355,משה פלינקר,male,The Hague,Auschwitz II-Birkenau concentration camp,1926-10-09 00:00:00,1944-01-01 00:00:00
356,יהושע אטלס,,,,,
357,דוד כהנא,,,,,
358,קיקרו,male,"Arpino$$$$$$$$country$$$$$ancient Rome$$$$$$$$located in the administrative territorial entity$$$$$Roman Italy$$$$$$$$2 references$$$$$$stated in$$$$$Cicero, Mark Tullius",Formia$$$$$$$$country$$$$$ancient Rome$$$$$$$$located in the administrative territorial entity$$$$$Roman Italy$$$$$$$$1 reference$$$$$$stated in$$$$$Integrated Authority File$$$$$$$$GND ID$$$$$118520814$$$$$$$$retrieved$$$$$14 August 2015,"

date of birth















3 January 106 BCE







3 references





reference URL




http://urn.nb.no/URN:NBN:no-nb_digibok_2008060900023#3







stated in




Merkedager : f?dselsdager, stiftelsesdatoer, begivenheter










stated in




Treccani's Enciclopedia on line







reference URL




http://www.treccani.it/enciclopedia/marco-tullio-cicerone/










stated in




Tulii










","

date of death















7 December 43 BCE







2 references





stated in




Treccani's Enciclopedia on line







reference URL




http://www.treccani.it/enciclopedia/marco-tullio-cicerone/










stated in




Tulii







quotation




?., ??????? ??????, ??????? ?????? ?? ??????? ? ? ???? ????????? ??? ???? ??????????? ????????? 7 ???. 43 ?. (Russian)



















3 December 43 BCE







1 reference





stated in




Cicero, Mark Tullius







quotation




????????? ???????????? ?????? ??????????? ???? ??????????? 43 ?., ? ?????? ??????? ?????? ???????? ??? ?????????? ????? ?????? ??????. ??????? ???? ? ?????? ?????? ????? ?????? ???????? ???????????? ?????, ?. ?????????, ????? ? ?????????????, ??????? ??? ? ?????????? ? ???? ???????? ??? ???????; ??? ?? ? ??? ???? ???????????? ???????? ????????, 3 ???. 43 ?., ? 63-?????? ????????. (Russian)










"
359,יחיא קאפח,male,Sanaa,Sanaa,1850-01-01 00:00:00,1931-01-01 00:00:00
360,תיאוקריטוס,,,,,
361,פאלק הלפרין,male,Niasvi?,Tel Aviv,"

date of birth















December 1876Gregorian








3 references





imported from Wikimedia project




Russian Wikipedia










stated in




Autoritats UB







University of Barcelona authority ID




a1113023







named as




F. Halperin










stated in




NUKAT







NUKAT ID




n2012046293







named as




Falk Halperin











",1945-03-06 00:00:00
362,לוקיאנוס,male,Samosata,Athens,"

date of birth















120







sourcing circumstances




circa








2 references





reference URL




http://www.treccani.it/enciclopedia/luciano-di-samosata_%28Enciclopedia_Italiana%29/







stated in




Enciclopedia Treccani










stated in




Integrated Authority File







GND ID




118575228







retrieved




17 October 2015



















125







sourcing circumstances




circa








2 references





stated in




general catalog of BnF







Biblioth?que nationale de France ID




13745346z







retrieved




15 April 2018










stated in




Q20727927



















120








1 reference





stated in




Lucianus











","

date of death















2. century







earliest date




180Gregorian








1 reference





reference URL




http://www.treccani.it/enciclopedia/luciano-di-samosata_%28Enciclopedia_Italiana%29/







stated in




Enciclopedia Treccani



















192







sourcing circumstances




circa








1 reference





stated in




general catalog of BnF







Biblioth?que nationale de France ID




13745346z







retrieved




15 April 2018











"
363,אלעזר שולמן,,,,,
364,פייר לוטי,,,,,
365,אנטול פראנס,male,Paris$$$$$$$$2 references$$$$$$stated in$$$$$Concise Literary Encyclopedia,Q22994052$$$$$$$$1 reference$$$$$$stated in$$$$$Concise Literary Encyclopedia,1844-04-16 00:00:00,1924-10-12 00:00:00
366,הירש דוד נומברג,male,Mszczon?w,Otwock,1876-04-14 00:00:00,1927-11-21 00:00:00
367,אהרן שמי,,,,,
368,הלל צייטלין,male,Mogilev Governorate,Warsaw Ghetto,1871-01-01 00:00:00,1942-09-11 00:00:00
369,יעקב גרים,male,Hanau,Berlin,1785-01-04 00:00:00,1863-09-20 00:00:00
370,מרדכי פלונגיאן,,,,,
371,יצחק מאיר וייז; ישעיהו בלידן,,,,,
372,יו לופטינג,male,Maidenhead,Topanga,1886-01-14 00:00:00,1947-09-26 00:00:00
373,יעקב אייכנבוים,male,Chervonohrad,Kyiv,1796-10-12 00:00:00,"

date of death















27 December 1861Julian








0 references






"
374,אלכסנדר הלוי צדרבוים,male,Zamo??,Saint Petersburg,1816-01-01 00:00:00,1893-01-01 00:00:00
375,חיים נחמן ביאליק; יהושע חנא רבניצקי,,,,,
376,פרידריך שפילהאגן,,,,,
377,יהודה ליב הלוי אדל,,,,,
378,אריסטו,male,Stagira$$$$$$$$country$$$$$Chalkidian League$$$$$$$$2 references$$$$$$imported from Wikimedia project$$$$$Italian Wikipedia,Chalkida$$$$$$$$country$$$$$Macedonian Empire$$$$$$$$5 references$$$$$$reference URL$$$$$https://www.tandfonline.com/doi/abs/10.1080/11663081.1999.10510975?journalCode=tncl20$$$$$$$$title$$$$$Arithmetizations of Syllogistic ? la Leibniz (English)$$$$$$$$publication date$$$$$30 May 2012$$$$$$$$language of work or name$$$$$English,"

date of birth















384 BCE







5 references





stated in




Integrated Authority File







retrieved




9 April 2014










stated in




Concise Literary Encyclopedia










stated in




A Short History of Astronomy










stated in




Q30091720










reference URL




https://www.biography.com/people/aristotle-9188415







retrieved




25 August 2018







stated in




biography.com







title




Aristotle (English)



















383 BCE







2 references





reference URL




http://www.nytimes.com/books/98/02/15/home/heller-picture.html










reference URL




http://www.nytimes.com/1998/04/24/arts/antiques-seashells-for-love-and-money.html



















284 BCE







1 reference





stated in




Q28090038







sourcing circumstances




misprint










","

date of death















322 BCE







5 references





stated in




Integrated Authority File







retrieved




9 April 2014










stated in




Concise Literary Encyclopedia










stated in




A Short History of Astronomy










stated in




Q28090038







quotation




?? ????? ? ??????? ?????? ???????? ????? ? ???????, ??? ?? ??????? ?????, ? ????????????? ????? ?? ??????, ? ?????? ?????, ? 322 ?. ?? ?. X. ??????? ????, ??? ???????, ?? ????? ??????????? ? ?????, ?? ?????????? ????????. (Russian)










reference URL




https://www.biography.com/people/aristotle-9188415







retrieved




25 August 2018







stated in




biography.com







title




Aristotle (English)



















7 March 322 BCE







1 reference





reference URL




https://history.info/on-this-day/322-bc-famous-aristotle-erroneous-beliefs/










"
379,יצחק מירקין,,,,,
380,אנדרה ליכטנברגר,,,,,
381,וילהלם האוף,male,Stuttgart,Stuttgart,1802-11-29 00:00:00,1827-11-18 00:00:00
382,שלמה מנדלקרן,male,Mlyniv,Vienna,1846-01-01 00:00:00,1902-01-01 00:00:00
383,ישראל בנימין לבנר,,,,,
384,ויקטור הוגו,male,Besan?on$$$$$$$$statement supported by$$$$$birthhouse of Victor Hugo$$$$$$$$2 references$$$$$$stated in$$$$$Archivio Storico Ricordi$$$$$$$$retrieved$$$$$3 December 2020$$$$$$$$Archivio Storico Ricordi person ID$$$$$2240,Paris$$$$$$$$4 references$$$$$$imported from Wikimedia project$$$$$German Wikipedia,1802-02-26 00:00:00,1885-05-22 00:00:00
385,חיים לנסקי,male,Slonim,Siberia,1905-01-01 00:00:00,1943-01-01 00:00:00
386,משה אליהו ז'רננסקי,,,,,
387,לואיס וולאס,male,Brookville,Crawfordsville,1827-04-10 00:00:00,1905-02-15 00:00:00
388,ביירנסטרנה ביירנסון,male,Kvikne$$$$$$$$country$$$$$Union between Sweden and Norway,Paris,1832-12-08 00:00:00,1910-04-26 00:00:00
389,בנימין זאב בכר,male,Liptovsk? Mikul??,Budapest,1850-01-12 00:00:00,1913-12-25 00:00:00
390,ויירה פיגנר,,,,,
391,תומס בבינגטון מקולי,,,,,
392,ויליאם פרנהוף,,,,,
393,יצחק פרנהוף,,,,,
394,יצחק סטנוב,male,Sataniv,Berlin,1732-01-01 00:00:00,1805-12-25 00:00:00
395,אברהם זינגר,,,,,
396,אריה ליב יגולניצר,,,,,
397,ג'ון מילטון,male,Cheapside$$$$$$$$located in the administrative territorial entity$$$$$London$$$$$$$$country$$$$$Kingdom of England,London,"

date of birth















9 December 1608Julian








3 references





imported from Wikimedia project




English Wikipedia










stated in




Integrated Authority File







retrieved




9 April 2014










stated in




BnF authorities







retrieved




10 October 2015







reference URL




http://data.bnf.fr/ark:/12148/cb119162033



















9 December 1608Gregorian








1 reference





stated in




The Fine Art Archive







abART person ID




81843







reference URL




https://cs.isabart.org/person/81843







retrieved




1 April 2021











","

date of death















8 November 1674Julian








3 references





imported from Wikimedia project




English Wikipedia










stated in




Integrated Authority File







retrieved




9 April 2014










stated in




BnF authorities







retrieved




10 October 2015







reference URL




http://data.bnf.fr/ark:/12148/cb119162033



















8 November 1674Gregorian








1 reference





stated in




The Fine Art Archive







abART person ID




81843







reference URL




https://cs.isabart.org/person/81843







retrieved




1 April 2021











"
398,משה סמילנסקי,male,Kyiv Oblast,Rehovot,1874-02-24 00:00:00,1953-10-06 00:00:00
399,וולטר סקוט,male,Edinburgh$$$$$$$$3 references$$$$$$imported from Wikimedia project$$$$$Russian Wikipedia,Abbotsford House$$$$$$$$2 references$$$$$$reference URL$$$$$http://link.springer.com/content/pdf/10.1007/BF00390694.pdf,1771-08-15 00:00:00,1832-09-21 00:00:00
400,אברהם גלמן,,,,,
401,קלונימוס בן קלונימוס,,,,,
402,חיים דוד נוסבוים,,,,,
403,"מנחם מבש""ן",male,Ia?i,Atlit,1858-07-12 00:00:00,1944-12-10 00:00:00
404,משה הס,male,Bonn,Paris,1812-06-21 00:00:00,1875-04-06 00:00:00
405,ירמיהו פרנקל,,,,,
406,אברהם בן חלפון,,,,,
407,חיים זליג סלונימסקי,male,Bia?ystok$$$$$$$$located in the administrative territorial entity$$$$$Grodno Governorate$$$$$$$$country$$$$$Russian Empire,Warsaw,1810-03-31 00:00:00,1904-05-15 00:00:00
408,תומאס הוד,,,,,
409,תומאס מיין ריד,male,Ballyroney,London$$$$$$$$country$$$$$United Kingdom,1818-04-04 00:00:00,1883-10-22 00:00:00
410,אברהם צוקרמן,,,,,
411,זוסמן סגלוביץ',male,Bia?ystok,New York City,1884-02-26 00:00:00,1949-02-19 00:00:00
412,נחמן מיפלב,male,Skidzie?,Krak?w,1886-05-16 00:00:00,1937-01-01 00:00:00
413,היפוליט קרנא,,,,,
414,צ'ארלס דיקנס,male,"Landport$$$$$$$$2 references$$$$$$stated in$$$$$AC / Dickens, Charles$$$$$$$$quotation$$$$$... born at Landport, a suburb of Portsmouth, Feb. 7, 1812, ... (English)","Gads Hill Place$$$$$$$$3 references$$$$$$stated in$$$$$Concise Literary Encyclopedia$$$$$$$$quotation$$$$$9.VI.1870, ????????? (Russian)",1812-02-07 00:00:00,1870-06-09 00:00:00
415,שמואל בן צבי כהן,,,,,
416,משה אבן אלתקאנה,,,,,
417,ניקולאי לסקוב,male,Q23879935,Saint Petersburg,"

date of birth















4 February 1831Julian








3 references





stated in




Concise Literary Encyclopedia







sourcing circumstances




specified date of both Julian and Gregorian calendar







quotation




4.(16).II.1831 (Russian)










stated in




BnF authorities







retrieved




10 October 2015







reference URL




http://data.bnf.fr/ark:/12148/cb119126722










stated in




Q24052648







sourcing circumstances




unspecified calendar; assumed Julian







quotation




???. 4 ??????? 1831 ?. ? ????????? ???. (Russian)



















1831








2 references





stated in




Q24052652










stated in




Integrated Authority File







retrieved




6 February 2017



















16 February 1831Gregorian








1 reference





stated in




The Fine Art Archive







abART person ID




59825







reference URL




https://cs.isabart.org/person/59825







retrieved




1 April 2021











","

date of death















21 February 1895Julian








3 references





stated in




Concise Literary Encyclopedia







sourcing circumstances




specified date of both Julian and Gregorian calendar







quotation




21.II(5.III).1895 (Russian)










stated in




BnF authorities







retrieved




10 October 2015







reference URL




http://data.bnf.fr/ark:/12148/cb119126722










stated in




Q24052648







sourcing circumstances




unspecified calendar; assumed Julian







quotation




?. ???? 21 ????. 1895 ?. ? ??? ??????? ????????? ?? ???????? ????????. (Russian)



















1895








2 references





stated in




Q24052652










stated in




Integrated Authority File







retrieved




6 February 2017



















5 March 1895Gregorian








2 references





stated in




Find a Grave







retrieved




30 August 2019










stated in




The Fine Art Archive







abART person ID




59825







reference URL




https://cs.isabart.org/person/59825







retrieved




1 April 2021











"
418,אהרן ברנשטיין,male,Gda?sk,Berlin,1812-04-06 00:00:00,1884-02-12 00:00:00
419,רוברט זנדק,,,,,
420,דב סדן,male,Brody,Jerusalem,1902-02-21 00:00:00,1989-10-14 00:00:00
421,יהודה סומו,male,Mantua,Mantua,1525-01-01 00:00:00,1590-01-01 00:00:00
422,לייזר וולף,male,Vilnius,Samarqand Region,1910-01-01 00:00:00,"

date of death















April 1943








1 reference





stated in




BnF authorities







Biblioth?que nationale de France ID




15923770n







reference URL




http://data.bnf.fr/ark:/12148/cb15923770n







retrieved




10 October 2015



















1943








4 references





imported from Wikimedia project




Russian Wikipedia










stated in




BnF authorities







Biblioth?que nationale de France ID




15923770n







named as




Leyzer Wolf










stated in




NUKAT







NUKAT ID




n2013197712







named as




Leizer Wolf










stated in




MAK







PLWABN ID




9810639009905606







named as




Lejzer Wolf











"
423,שלום דב בר מקסימון,,,,,
424,דן מירון,,,,,
425,"מ""י רודאיוב",,,,,
426,פניה ברגשטיין,female,Szczuczyn,Afula,1908-04-11 00:00:00,1950-09-18 00:00:00
427,ס. יזהר,male,Rehovot,Gedera,1916-09-27 00:00:00,2006-08-21 00:00:00
428,אברהם אורי קובנר,male,Vilnius,?om?a,1842-01-01 00:00:00,1909-01-01 00:00:00
429,מנחם שינקין,male,U?a,Chicago,1871-01-01 00:00:00,1924-01-01 00:00:00
430,שמעון יעקב הלוי גליקסברג,male,Mi?dzyrzec Podlaski,Tel Aviv,1870-01-01 00:00:00,1950-01-01 00:00:00
431,לוי מקלר,,,,,
432,יהודה גור,male,Minsk Governorate,Tel Aviv,1862-12-31 00:00:00,1950-01-21 00:00:00
433,אדואר רנה דה לבּולה,,,,,
434,שמואל שרירא; שמואל הר,,,,,
435,אברהם בן־יצחק,,,,,
436,אהרן קמינקא,male,Berdychiv,Tel Aviv,1866-05-05 00:00:00,1950-03-12 00:00:00
437,לוקיוס אנאוס סנקה,male,C?rdoba$$$$$$$$country$$$$$Roman Empire$$$$$$$$located in the administrative territorial entity$$$$$Hispania Baetica$$$$$$$$1 reference$$$$$$stated in$$$$$Integrated Authority File$$$$$$$$retrieved$$$$$10 December 2014,Rome$$$$$$$$country$$$$$Roman Empire$$$$$$$$located in the administrative territorial entity$$$$$Roman Italy$$$$$$$$0 references$$$$$$,"

date of birth















4 BCE







earliest date




4 BCE







latest date




1







0 references





","

date of death















12 April 65







0 references





"
438,יצחק יוליוס גוטמן,male,Hildesheim,Jerusalem,1880-04-15 00:00:00,1950-05-19 00:00:00
439,שלמה קפלנסקי,male,Bia?ystok,Haifa,1884-03-05 00:00:00,1950-12-07 00:00:00
440,מהלל העדני,,,,,
441,ריינר מריה רילקה,male,Prague,Montreux,1875-12-04 00:00:00,1926-12-29 00:00:00
442,אברהם משה חן־תמים,,,,,
443,יצחק יחזקאל יהודה,,,,,
444,יוליוש סלובצקי,male,Kremenets,Paris,1809-09-04 00:00:00,1849-04-03 00:00:00
445,קורנל אוייסקי,,,,,
446,רפאל אוחנה,,,,,
447,שמואל שרירא,,,,,
448,יוסף האפרתי,,,,,
449,ג'ק לונדון,male,San Francisco$$$$$$$$1 reference$$$$$$stated in$$$$$Concise Literary Encyclopedia,Glen Ellen$$$$$$$$located in the administrative territorial entity$$$$$Sonoma County$$$$$$$$1 reference$$$$$$stated in$$$$$Concise Literary Encyclopedia,1876-01-12 00:00:00,1916-11-22 00:00:00
450,שרה שפירא,,,,,
